"Part";"Value";"Device";"Package";"Description";"DM";"DR";"DX";"DY";"HEIGHT";"MF";"MPN";"OC_FARNELL";"OC_NEWARK";"SHEETNO";"TP_SIGNAL_NAME";
"ACLK";"DNP";"TP05";"TP0500";"";"";"";"";"";"0";"";"";"";"";"";"";
"ACS0";"DNP";"TP05";"TP0500";"";"";"";"";"";"0";"";"";"";"";"";"";
"ARX";"DNP";"TP05";"TP0500";"";"";"";"";"";"0";"";"";"";"";"";"";
"ATX";"DNP";"TP05";"TP0500";"";"";"";"";"";"0";"";"";"";"";"";"";
"BOOT0";"DNP";"TP05";"TP0500";"";"";"";"";"";"0";"";"";"";"";"";"";
"BT4";"DNP";"TP05";"TP0500";"";"";"";"";"";"0";"";"";"";"";"";"";
"BTEN";"DNP";"TP05";"TP0500";"";"";"";"";"";"0";"";"";"";"";"";"";
"C1";"1.0uF";"C0402";"0402";"";"0";"0.000";"30.550";"33.500";"0.35";"";"";"";"";"6";"";
"C2";"0.1uF";"C0201";"0201";"";"0";"0.000";"30.550";"33.500";"0.25";"";"";"";"";"6";"";
"C3";"0.1uF";"C0201";"0201";"";"0";"0.000";"30.550";"33.500";"0.25";"";"";"";"";"6";"";
"C4";"10uF";"C0402";"0402";"";"";"";"";"";"0.35";"";"";"";"";"";"";
"C5";"10uF";"C0402";"0402";"";"";"";"";"";"0.35";"";"";"";"";"";"";
"C6";"0.1uF";"C0201";"0201";"";"0";"0.000";"30.550";"33.500";"0.25";"";"";"";"";"6";"";
"C7";"0.1uF";"C0201";"0201";"";"0";"0.000";"30.550";"33.500";"0.25";"";"";"";"";"6";"";
"C8";"1.0uF";"C0402";"0402";"";"0";"0.000";"30.550";"33.500";"0.35";"";"";"";"";"6";"";
"C9";"0.1uF";"C0402";"0402";"";"";"";"";"";"0.35";"";"";"";"";"";"";
"C10";"0.1uF";"C0201";"0201";"";"";"";"";"";"0.25";"";"";"";"";"";"";
"C11";"100uF";"CPANASONIC_D";"PANASONIC_D";"";"";"";"";"";"";"";"";"";"";"";"";
"C12";"10uF / 25V";"C1206";"1206";"";"";"";"";"";"0.51";"";"";"";"";"";"";
"C13";"0.22uF";"C0603";"0603";"";"";"";"";"";"0.5";"";"";"";"";"";"";
"C14";"22pF";"C0402";"0402";"";"";"";"";"";"0.35";"";"";"";"";"";"";
"C15";"22pF";"C0402";"0402";"";"";"";"";"";"0.35";"";"";"";"";"";"";
"C16";"0.1uF";"C0201";"0201";"";"";"";"";"";"0.25";"";"";"";"";"";"";
"C17";"0.1uF";"C0201";"0201";"";"";"";"";"";"0.25";"";"";"";"";"";"";
"C18";"0.1uF";"C0201";"0201";"";"0";"0.000";"30.550";"33.500";"0.25";"";"";"";"";"6";"";
"C19";"0.1uF";"C0201";"0201";"";"0";"0.000";"30.550";"33.500";"0.25";"";"";"";"";"6";"";
"C20";"1.0uF";"C0201";"0201";"";"0";"0.000";"30.550";"33.500";"0.25";"";"";"";"";"6";"";
"C21";"0.1uF";"C0201";"0201";"";"0";"0.000";"30.550";"33.500";"0.25";"";"";"";"";"6";"";
"C22";"0.1uF";"C0201";"0201";"";"0";"0.000";"30.550";"33.500";"0.25";"";"";"";"";"6";"";
"C23";"1.0uF";"C0402";"0402";"";"0";"0.000";"30.550";"33.500";"0.35";"";"";"";"";"6";"";
"C26";"10uF";"C0603";"0603";"";"0";"90.000";"56.200";"38.400";"0.5";"";"";"";"";"2";"";
"C27";"0.01uF";"C0402";"0402";"";"0";"90.000";"47.400";"38.400";"0.35";"";"";"";"";"2";"";
"C28";"0.1uF";"C0402";"0402";"";"0";"90.000";"5.600";"28.400";"0.35";"";"";"";"";"2";"";
"C29";"100uF";"C1206";"1206";"";"";"";"";"";"0.51";"";"";"";"";"";"";
"C30";"100uF";"C1206";"1206";"";"";"";"";"";"0.51";"";"";"";"";"";"";
"C31";"100uF";"C1206";"1206";"";"";"";"";"";"0.51";"";"";"";"";"";"";
"C32";"100uF";"C1206";"1206";"";"";"";"";"";"0.51";"";"";"";"";"";"";
"C33";"1.0uF";"C0402";"0402";"";"";"";"";"";"0.35";"";"";"";"";"";"";
"C34";"0.1uF";"C0201";"0201";"";"";"";"";"";"0.25";"";"";"";"";"";"";
"C35";"1.0uF";"C0402";"0402";"";"";"";"";"";"0.35";"";"";"";"";"";"";
"C36";"0.1uF";"C0201";"0201";"";"";"";"";"";"0.25";"";"";"";"";"";"";
"C37";"1.0uF";"C0402";"0402";"";"";"";"";"";"0.35";"";"";"";"";"";"";
"C38";"0.1uF";"C0201";"0201";"";"";"";"";"";"0.25";"";"";"";"";"";"";
"C39";"10uF";"C0603";"0603";"";"";"";"";"";"0.5";"";"";"";"";"";"";
"C40";"1.0uF";"C0402";"0402";"";"";"";"";"";"0.35";"";"";"";"";"";"";
"C41";"0.1uF";"C0201";"0201";"";"";"";"";"";"0.25";"";"";"";"";"";"";
"C42";"1.0uF";"C0402";"0402";"";"";"";"";"";"0.35";"";"";"";"";"";"";
"C51";"0.1uF";"C0201";"0201";"";"";"";"";"";"0.25";"";"";"";"";"";"";
"C52";"0.47uF";"C0402";"0402";"";"";"";"";"";"0.35";"";"";"";"";"";"";
"C53";"0.47uF";"C0402";"0402";"";"";"";"";"";"0.35";"";"";"";"";"";"";
"C54";"0.47uF";"C0402";"0402";"";"";"";"";"";"0.35";"";"";"";"";"";"";
"C55";"0.1uF";"C0201";"0201";"";"0";"0.000";"30.550";"33.500";"0.25";"";"";"";"";"6";"";
"C56";"0.1uF";"C0201";"0201";"";"0";"0.000";"30.550";"33.500";"0.25";"";"";"";"";"6";"";
"C57";"4.7uF";"C0603";"0603";"";"0";"180.000";"70.250";"17.350";"0.5";"";"";"";"";"5";"";
"C58";"0.1uF";"C0201";"0201";"";"";"";"";"";"0.25";"";"";"";"";"";"";
"C59";"22uF";"C0805";"0805";"";"";"";"";"";"0.51";"";"";"";"";"";"";
"C60";"10pF";"C0402";"0402";"";"0";"-270.000";"-17.200";"6.600";"0.35";"";"";"";"";"9";"";
"C61";"0.1uF / 16V";"C0402";"0402";"";"0";"-90.000";"1.400";"-9.000";"0.35";"";"";"";"";"9";"";
"C62";"1.0uF";"C0603";"0603";"";"0";"270.000";"78.200";"21.800";"0.5";"";"";"";"";"1";"";
"C63";"10uF / 16V";"C0805";"0805";"";"0";"0.000";"74.600";"25.600";"0.51";"";"";"";"";"1";"";
"C64";"22uF";"C0805";"0805";"";"0";"270.000";"71.300";"21.800";"0.51";"";"";"";"";"1";"";
"C65";"1.0uF";"C0402";"0402";"";"0";"90.000";"5.600";"28.400";"0.35";"";"";"";"";"2";"";
"C66";"DNP";"C0402";"0402";"";"0";"90.000";"5.600";"28.400";"0.35";"";"";"";"";"2";"";
"C67";"0.1uF";"C0402";"0402";"";"0";"90.000";"5.600";"28.400";"0.35";"";"";"";"";"2";"";
"C68";"DNP";"C0402";"0402";"";"0";"90.000";"5.600";"28.400";"0.35";"";"";"";"";"2";"";
"C69";"0.1uF";"C0402";"0402";"";"0";"90.000";"5.600";"28.400";"0.35";"";"";"";"";"2";"";
"C70";"1.0uF";"C0402";"0402";"";"";"";"";"";"0.35";"";"";"";"";"";"";
"C71";"0.1uF";"C0402";"0402";"";"0";"90.000";"5.600";"28.400";"0.35";"";"";"";"";"2";"";
"C72";"1.0uF";"C0402";"0402";"";"";"";"";"";"0.35";"";"";"";"";"";"";
"C73";"0.1uF";"C0402";"0402";"";"0";"90.000";"5.600";"28.400";"0.35";"";"";"";"";"2";"";
"C74";"0.1uF";"C0402";"0402";"";"0";"90.000";"5.600";"28.400";"0.35";"";"";"";"";"2";"";
"C75";"0.1uF";"C0402";"0402";"";"0";"90.000";"5.600";"28.400";"0.35";"";"";"";"";"2";"";
"C76";"0.1uF";"C0402";"0402";"";"0";"90.000";"5.600";"28.400";"0.35";"";"";"";"";"2";"";
"C77";"0.1uF";"C0402";"0402";"";"0";"90.000";"5.600";"28.400";"0.35";"";"";"";"";"2";"";
"C78";"0.1uF";"C0402";"0402";"";"0";"90.000";"5.600";"28.400";"0.35";"";"";"";"";"2";"";
"C79";"0.1uF";"C0402";"0402";"";"0";"90.000";"5.600";"28.400";"0.35";"";"";"";"";"2";"";
"C80";"0.1uF";"C0402";"0402";"";"0";"90.000";"5.600";"28.400";"0.35";"";"";"";"";"2";"";
"C81";"1.0uF";"C0402";"0402";"";"";"";"";"";"0.35";"";"";"";"";"";"";
"C82";"4.7uF";"C0603";"0603";"";"0";"0.000";"66.900";"11.100";"0.5";"";"";"";"";"4";"";
"C83";"22pF";"C0402";"0402";"";"0";"-270.000";"-17.200";"6.600";"0.35";"";"";"";"";"9";"";
"C84";"22pF";"C0402";"0402";"";"0";"-90.000";"-20.800";"6.600";"0.35";"";"";"";"";"9";"";
"C86";"10uF/50V";"C1206";"1206";"";"";"";"";"";"0.51";"";"";"";"";"";"";
"C87";"10nF";"C0603";"0603";"";"";"";"";"";"0.5";"";"";"";"";"";"";
"C88";"0.01uF";"C0402";"0402";"";"";"";"";"";"0.35";"";"";"";"";"";"";
"C89";"0.01uF";"C0402";"0402";"";"";"";"";"";"0.35";"";"";"";"";"";"";
"C90";"330uF";"CPANASONIC_F";"PANASONIC_F";"";"";"";"";"";"";"";"";"";"";"";"";
"C91";"0.1uF";"C0402";"0402";"";"";"";"";"";"0.35";"";"";"";"";"";"";
"C92";"10uF";"C0603";"0603";"";"";"";"";"";"0.5";"";"";"";"";"";"";
"C93";"0.1uF";"C0201";"0201";"";"";"";"";"";"0.25";"";"";"";"";"";"";
"C94";"0.1uF";"C0201";"0201";"";"";"";"";"";"0.25";"";"";"";"";"";"";
"C95";"1.0uF";"C0402";"0402";"";"";"";"";"";"0.35";"";"";"";"";"";"";
"C96";"0.1uF";"C0201";"0201";"";"0";"0.000";"30.550";"33.500";"0.25";"";"";"";"";"6";"";
"C97";"0.1uF";"C0201";"0201";"";"0";"0.000";"30.550";"33.500";"0.25";"";"";"";"";"6";"";
"C98";"1.0uF";"C0402";"0402";"";"0";"0.000";"30.550";"33.500";"0.35";"";"";"";"";"6";"";
"C99";"10uF";"C0402";"0402";"";"";"";"";"";"0.35";"";"";"";"";"";"";
"C100";"10uF";"C0402";"0402";"";"";"";"";"";"0.35";"";"";"";"";"";"";
"C101";"0.1uF";"C0201";"0201";"";"0";"0.000";"30.550";"33.500";"0.25";"";"";"";"";"6";"";
"C102";"0.1uF";"C0201";"0201";"";"0";"0.000";"30.550";"33.500";"0.25";"";"";"";"";"6";"";
"C103";"1.0uF";"C0402";"0402";"";"0";"0.000";"30.550";"33.500";"0.35";"";"";"";"";"6";"";
"C104";"0.1uF";"C0402";"0402";"";"";"";"";"";"0.35";"";"";"";"";"";"";
"C105";"10uF/50V";"C1206";"1206";"";"";"";"";"";"0.51";"";"";"";"";"";"";
"C106";"0.1uF";"C0201";"0201";"";"";"";"";"";"0.25";"";"";"";"";"";"";
"C107";"100uF";"CPANASONIC_D";"PANASONIC_D";"";"";"";"";"";"";"";"";"";"";"";"";
"C108";"10uF / 25V";"C1206";"1206";"";"";"";"";"";"0.51";"";"";"";"";"";"";
"C109";"0.22uF";"C0603";"0603";"";"";"";"";"";"0.5";"";"";"";"";"";"";
"C110";"22pF";"C0402";"0402";"";"";"";"";"";"0.35";"";"";"";"";"";"";
"C111";"22pF";"C0402";"0402";"";"";"";"";"";"0.35";"";"";"";"";"";"";
"C112";"0.1uF";"C0201";"0201";"";"0";"0.000";"30.550";"33.500";"0.25";"";"";"";"";"6";"";
"C113";"0.1uF";"C0201";"0201";"";"0";"0.000";"30.550";"33.500";"0.25";"";"";"";"";"6";"";
"C114";"1.0uF";"C0402";"0402";"";"0";"0.000";"30.550";"33.500";"0.35";"";"";"";"";"6";"";
"C115";"0.1uF";"C0402";"0402";"";"";"";"";"";"0.35";"";"";"";"";"";"";
"C116";"10uF";"C0603";"0603";"";"";"";"";"";"0.5";"";"";"";"";"";"";
"C117";"10uF";"C0603";"0603";"";"";"";"";"";"0.5";"";"";"";"";"";"";
"C118";"0.1uF";"C0201";"0201";"";"";"";"";"";"0.25";"";"";"";"";"";"";
"C119";"0.1uF";"C0201";"0201";"";"";"";"";"";"0.25";"";"";"";"";"";"";
"C120";"4.7uF";"C0603";"0603";"";"";"";"";"";"0.5";"";"";"";"";"";"";
"C121";"22pF";"C0402";"0402";"";"0";"-270.000";"-17.200";"6.600";"0.35";"";"";"";"";"9";"";
"C122";"22pF";"C0402";"0402";"";"0";"-90.000";"-20.800";"6.600";"0.35";"";"";"";"";"9";"";
"C123";"0.1uF";"C0201";"0201";"";"0";"90.000";"5.600";"28.400";"0.25";"";"";"";"";"2";"";
"C124";"4.7uF";"C0603";"0603";"";"0";"0.000";"66.900";"11.100";"0.5";"";"";"";"";"4";"";
"C125";"0.1uF";"C0201";"0201";"";"0";"90.000";"5.600";"28.400";"0.25";"";"";"";"";"2";"";
"C126";"0.1uF";"C0201";"0201";"";"0";"90.000";"5.600";"28.400";"0.25";"";"";"";"";"2";"";
"C127";"0.1uF";"C0201";"0201";"";"0";"90.000";"5.600";"28.400";"0.25";"";"";"";"";"2";"";
"C128";"0.1uF";"C0201";"0201";"";"0";"90.000";"5.600";"28.400";"0.25";"";"";"";"";"2";"";
"C129";"0.1uF";"C0201";"0201";"";"0";"90.000";"5.600";"28.400";"0.25";"";"";"";"";"2";"";
"C130";"0.1uF";"C0201";"0201";"";"0";"90.000";"5.600";"28.400";"0.25";"";"";"";"";"2";"";
"C131";"1.0uF";"C0402";"0402";"";"0";"90.000";"5.600";"28.400";"0.35";"";"";"";"";"2";"";
"C132";"0.01uF";"C0201";"0201";"";"0";"90.000";"5.600";"28.400";"0.25";"";"";"";"";"2";"";
"C133";"1.0uF";"C0402";"0402";"";"0";"90.000";"5.600";"28.400";"0.35";"";"";"";"";"2";"";
"C134";"0.01uF";"C0201";"0201";"";"0";"90.000";"5.600";"28.400";"0.25";"";"";"";"";"2";"";
"C135";"2.2uF";"C0603";"0603";"";"0";"90.000";"5.600";"28.400";"0.5";"";"";"";"";"2";"";
"C136";"2.2uF";"C0603";"0603";"";"0";"90.000";"5.600";"28.400";"0.5";"";"";"";"";"2";"";
"C137";"4.7uF";"C0603";"0603";"";"0";"180.000";"70.250";"17.350";"0.5";"";"";"";"";"5";"";
"C138";"0.1uF";"C0201";"0201";"";"0";"90.000";"5.600";"28.400";"0.25";"";"";"";"";"2";"";
"C139";"0.1uF";"C0201";"0201";"";"0";"0.000";"30.550";"33.500";"0.25";"";"";"";"";"6";"";
"C140";"0.1uF";"C0201";"0201";"";"0";"0.000";"30.550";"33.500";"0.25";"";"";"";"";"6";"";
"C141";"1.0uF";"C0201";"0201";"";"0";"0.000";"30.550";"33.500";"0.25";"";"";"";"";"6";"";
"C142";"0.1uF";"C0402";"0402";"";"";"";"";"";"0.35";"";"";"";"";"";"";
"C143";"10pF";"C0402";"0402";"";"";"";"";"";"0.35";"";"";"";"";"";"";
"C144";"0.1uF";"C0201";"0201";"";"";"";"";"";"0.25";"";"";"";"";"";"";
"C145";"0.1uF";"C0201";"0201";"";"";"";"";"";"0.25";"";"";"";"";"";"";
"C146";"0.1uF";"C0201";"0201";"";"";"";"";"";"0.25";"";"";"";"";"";"";
"C147";"0.1uF";"C0201";"0201";"";"";"";"";"";"0.25";"";"";"";"";"";"";
"C148";"0.1uF";"C0201";"0201";"";"";"";"";"";"0.25";"";"";"";"";"";"";
"C149";"0.1uF";"C0201";"0201";"";"";"";"";"";"0.25";"";"";"";"";"";"";
"C150";"0.1uF";"C0201";"0201";"";"";"";"";"";"0.25";"";"";"";"";"";"";
"C151";"0.1uF";"C0201";"0201";"";"";"";"";"";"0.25";"";"";"";"";"";"";
"C152";"0.1uF";"C0201";"0201";"";"";"";"";"";"0.25";"";"";"";"";"";"";
"C153";"0.1uF";"C0402";"0402";"";"0";"0.000";"28.500";"22.150";"0.35";"";"";"";"";"6";"";
"C154";"0.1uF";"C0402";"0402";"";"0";"180.000";"18.750";"22.200";"0.35";"";"";"";"";"6";"";
"C155";"0.1uF";"C0402";"0402";"";"0";"180.000";"30.100";"7.400";"0.35";"";"";"";"";"6";"";
"C156";"0.1uF";"C0402";"0402";"";"0";"180.000";"16.400";"25.850";"0.35";"";"";"";"";"6";"";
"C157";"0.1uF";"C0402";"0402";"";"0";"90.000";"31.900";"17.000";"0.35";"";"";"";"";"6";"";
"C158";"10uF";"C0603";"0603";"";"0";"0.000";"33.150";"23.850";"0.5";"";"";"";"";"6";"";
"C159";"10uF";"C0603";"0603";"";"0";"90.000";"29.300";"24.900";"0.5";"";"";"";"";"6";"";
"C160";"10uF";"C0603";"0603";"";"0";"180.000";"19.150";"25.700";"0.5";"";"";"";"";"6";"";
"C161";"0.1uF";"C0402";"0402";"";"0";"0.000";"30.550";"33.500";"0.35";"";"";"";"";"6";"";
"C162";"0.1uF";"C0402";"0402";"";"0";"0.000";"30.550";"33.500";"0.35";"";"";"";"";"6";"";
"C163";"0.1uF";"C0402";"0402";"";"0";"180.000";"18.750";"22.200";"0.35";"";"";"";"";"6";"";
"C164";"1.0uF";"C0201";"0201";"";"";"";"";"";"0.25";"";"";"";"";"";"";
"C165";"1.0uF";"C0201";"0201";"";"";"";"";"";"0.25";"";"";"";"";"";"";
"C166";"1.0uF";"C0201";"0201";"";"";"";"";"";"0.25";"";"";"";"";"";"";
"C167";"1.0uF";"C0201";"0201";"";"";"";"";"";"0.25";"";"";"";"";"";"";
"C168";"12pF";"C0201";"0201";"";"";"";"";"";"0.25";"";"";"";"";"";"";
"C169";"12pF";"C0201";"0201";"";"";"";"";"";"0.25";"";"";"";"";"";"";
"C170";"12pF";"C0201";"0201";"";"";"";"";"";"0.25";"";"";"";"";"";"";
"C171";"12pF";"C0201";"0201";"";"";"";"";"";"0.25";"";"";"";"";"";"";
"C172";"0.01uF";"C0201";"0201";"";"";"";"";"";"0.25";"";"";"";"";"";"";
"C173";"0.01uF";"C0201";"0201";"";"";"";"";"";"0.25";"";"";"";"";"";"";
"C174";"0.1uF";"C0402";"0402";"";"";"";"";"";"0.35";"";"";"";"";"";"";
"C175";"10pF";"C0402";"0402";"";"";"";"";"";"0.35";"";"";"";"";"";"";
"C176";"0.01uF";"C0201";"0201";"";"";"";"";"";"0.25";"";"";"";"";"";"";
"C177";"0.01uF";"C0201";"0201";"";"";"";"";"";"0.25";"";"";"";"";"";"";
"C178";"0.01uF";"C0201";"0201";"";"";"";"";"";"0.25";"";"";"";"";"";"";
"C179";"0.01uF";"C0201";"0201";"";"";"";"";"";"0.25";"";"";"";"";"";"";
"C180";"0.01uF";"C0201";"0201";"";"";"";"";"";"0.25";"";"";"";"";"";"";
"C181";"0.01uF";"C0201";"0201";"";"";"";"";"";"0.25";"";"";"";"";"";"";
"C182";"0.01uF";"C0201";"0201";"";"";"";"";"";"0.25";"";"";"";"";"";"";
"C183";"0.01uF";"C0201";"0201";"";"";"";"";"";"0.25";"";"";"";"";"";"";
"C184";"0.01uF";"C0201";"0201";"";"";"";"";"";"0.25";"";"";"";"";"";"";
"C185";"0.01uF";"C0201";"0201";"";"";"";"";"";"0.25";"";"";"";"";"";"";
"C186";"0.01uF";"C0201";"0201";"";"";"";"";"";"0.25";"";"";"";"";"";"";
"C187";"0.01uF";"C0201";"0201";"";"";"";"";"";"0.25";"";"";"";"";"";"";
"C188";"0.01uF";"C0201";"0201";"";"";"";"";"";"0.25";"";"";"";"";"";"";
"C189";"0.01uF";"C0201";"0201";"";"";"";"";"";"0.25";"";"";"";"";"";"";
"C190";"0.01uF";"C0201";"0201";"";"";"";"";"";"0.25";"";"";"";"";"";"";
"C191";"0.01uF";"C0201";"0201";"";"";"";"";"";"0.25";"";"";"";"";"";"";
"C192";"0.01uF";"C0201";"0201";"";"";"";"";"";"0.25";"";"";"";"";"";"";
"C193";"0.01uF";"C0201";"0201";"";"";"";"";"";"0.25";"";"";"";"";"";"";
"C194";"0.01uF";"C0201";"0201";"";"";"";"";"";"0.25";"";"";"";"";"";"";
"C195";"0.01uF";"C0201";"0201";"";"";"";"";"";"0.25";"";"";"";"";"";"";
"C196";"0.01uF";"C0201";"0201";"";"";"";"";"";"0.25";"";"";"";"";"";"";
"C197";"10uF";"C0603";"0603";"";"";"";"";"";"0.5";"";"";"";"";"";"";
"C198";"10uF";"C0603";"0603";"";"";"";"";"";"0.5";"";"";"";"";"";"";
"C199";"10uF";"C0603";"0603";"";"";"";"";"";"0.5";"";"";"";"";"";"";
"C200";"10uF";"C0603";"0603";"";"";"";"";"";"0.5";"";"";"";"";"";"";
"C201";"10uF";"C0603";"0603";"";"";"";"";"";"0.5";"";"";"";"";"";"";
"C202";"10uF";"C0603";"0603";"";"";"";"";"";"0.5";"";"";"";"";"";"";
"C203";"10uF";"C0603";"0603";"";"";"";"";"";"0.5";"";"";"";"";"";"";
"C204";"10uF";"C0603";"0603";"";"";"";"";"";"0.5";"";"";"";"";"";"";
"C205";"0.01uF";"C0201";"0201";"";"";"";"";"";"0.25";"";"";"";"";"";"";
"C206";"0.01uF";"C0201";"0201";"";"";"";"";"";"0.25";"";"";"";"";"";"";
"C207";"0.01uF";"C0201";"0201";"";"";"";"";"";"0.25";"";"";"";"";"";"";
"C208";"0.01uF";"C0201";"0201";"";"";"";"";"";"0.25";"";"";"";"";"";"";
"C209";"0.01uF";"C0201";"0201";"";"";"";"";"";"0.25";"";"";"";"";"";"";
"C210";"0.01uF";"C0201";"0201";"";"";"";"";"";"0.25";"";"";"";"";"";"";
"C211";"0.01uF";"C0201";"0201";"";"";"";"";"";"0.25";"";"";"";"";"";"";
"C212";"0.01uF";"C0201";"0201";"";"";"";"";"";"0.25";"";"";"";"";"";"";
"C213";"0.01uF";"C0201";"0201";"";"";"";"";"";"0.25";"";"";"";"";"";"";
"C214";"0.01uF";"C0201";"0201";"";"";"";"";"";"0.25";"";"";"";"";"";"";
"C215";"0.01uF";"C0201";"0201";"";"";"";"";"";"0.25";"";"";"";"";"";"";
"C216";"0.01uF";"C0201";"0201";"";"";"";"";"";"0.25";"";"";"";"";"";"";
"C217";"0.01uF";"C0201";"0201";"";"";"";"";"";"0.25";"";"";"";"";"";"";
"C218";"0.01uF";"C0201";"0201";"";"";"";"";"";"0.25";"";"";"";"";"";"";
"C219";"0.01uF";"C0201";"0201";"";"";"";"";"";"0.25";"";"";"";"";"";"";
"C220";"0.1uF";"C0201";"0201";"";"0";"0.000";"66.300";"12.650";"0.25";"";"";"";"";"4";"";
"C221";"4.7uF";"C0603";"0603";"";"";"";"";"";"0.5";"";"";"";"";"";"";
"C222";"22uF";"C0805";"0805";"";"";"";"";"";"0.51";"";"";"";"";"";"";
"C223";"0.1uF";"C0201";"0201";"";"";"";"";"";"0.25";"";"";"";"";"";"";
"C224";"10uF";"C0603";"0603";"";"";"";"";"";"0.5";"";"";"";"";"";"";
"C225";"4.7uF";"C0603";"0603";"";"";"";"";"";"0.5";"";"";"";"";"";"";
"C226";"10uF";"C0603";"0603";"";"";"";"";"";"0.5";"";"";"";"";"";"";
"C227";"10uF";"C0603";"0603";"";"";"";"";"";"0.5";"";"";"";"";"";"";
"C228";"10uF";"C0603";"0603";"";"";"";"";"";"0.5";"";"";"";"";"";"";
"C229";"10uF";"C0603";"0603";"";"";"";"";"";"0.5";"";"";"";"";"";"";
"C230";"10uF";"C0603";"0603";"";"";"";"";"";"0.5";"";"";"";"";"";"";
"C231";"10uF";"C0603";"0603";"";"";"";"";"";"0.5";"";"";"";"";"";"";
"C232";"10uF";"C0603";"0603";"";"";"";"";"";"0.5";"";"";"";"";"";"";
"C233";"10uF";"C0603";"0603";"";"";"";"";"";"0.5";"";"";"";"";"";"";
"C234";"4.7uF_50V";"C1210";"1210";"";"";"";"";"";"2.8";"";"";"";"";"";"";
"C235";"4.7uF";"C0603";"0603";"";"";"";"";"";"0.5";"";"";"";"";"";"";
"C236";"2.2uF";"C0402";"0402";"";"";"";"";"";"0.35";"";"";"";"";"";"";
"C237";"2.2uF";"C0402";"0402";"";"";"";"";"";"0.35";"";"";"";"";"";"";
"C238";"0.01uF";"C0201";"0201";"";"";"";"";"";"0.25";"";"";"";"";"";"";
"C239";"0.01uF";"C0201";"0201";"";"";"";"";"";"0.25";"";"";"";"";"";"";
"C240";"0.01uF";"C0201";"0201";"";"";"";"";"";"0.25";"";"";"";"";"";"";
"C241";"0.01uF";"C0201";"0201";"";"";"";"";"";"0.25";"";"";"";"";"";"";
"C242";"0.01uF";"C0201";"0201";"";"";"";"";"";"0.25";"";"";"";"";"";"";
"C243";"0.01uF";"C0201";"0201";"";"";"";"";"";"0.25";"";"";"";"";"";"";
"C244";"0.01uF";"C0201";"0201";"";"";"";"";"";"0.25";"";"";"";"";"";"";
"C245";"0.01uF";"C0201";"0201";"";"";"";"";"";"0.25";"";"";"";"";"";"";
"C246";"0.01uF";"C0201";"0201";"";"";"";"";"";"0.25";"";"";"";"";"";"";
"C247";"0.01uF";"C0201";"0201";"";"";"";"";"";"0.25";"";"";"";"";"";"";
"C248";"0.01uF";"C0201";"0201";"";"";"";"";"";"0.25";"";"";"";"";"";"";
"C249";"0.01uF";"C0201";"0201";"";"";"";"";"";"0.25";"";"";"";"";"";"";
"C250";"0.01uF";"C0201";"0201";"";"";"";"";"";"0.25";"";"";"";"";"";"";
"C251";"0.01uF";"C0201";"0201";"";"";"";"";"";"0.25";"";"";"";"";"";"";
"C252";"0.1uF";"C0201";"0201";"";"0";"0.000";"66.300";"12.650";"0.25";"";"";"";"";"4";"";
"C253";"0.1uF";"C0201";"0201";"";"0";"0.000";"66.300";"12.650";"0.25";"";"";"";"";"4";"";
"C254";"0.1uF";"C0201";"0201";"";"0";"0.000";"66.300";"12.650";"0.25";"";"";"";"";"4";"";
"C255";"0.1uF";"C0201";"0201";"";"0";"0.000";"66.300";"12.650";"0.25";"";"";"";"";"4";"";
"C256";"0.1uF";"C0201";"0201";"";"0";"0.000";"66.300";"12.650";"0.25";"";"";"";"";"4";"";
"C257";"0.1uF";"C0201";"0201";"";"0";"0.000";"66.300";"12.650";"0.25";"";"";"";"";"4";"";
"C258";"0.1uF";"C0201";"0201";"";"0";"0.000";"66.300";"12.650";"0.25";"";"";"";"";"4";"";
"C259";"0.1uF";"C0201";"0201";"";"0";"0.000";"66.300";"12.650";"0.25";"";"";"";"";"4";"";
"C260";"0.1uF";"C0201";"0201";"";"0";"0.000";"66.300";"12.650";"0.25";"";"";"";"";"4";"";
"C261";"0.1uF";"C0201";"0201";"";"0";"0.000";"66.300";"12.650";"0.25";"";"";"";"";"4";"";
"C262";"0.1uF";"C0201";"0201";"";"0";"0.000";"66.300";"12.650";"0.25";"";"";"";"";"4";"";
"C263";"10nF";"C0603";"0603";"";"";"";"";"";"0.5";"";"";"";"";"";"";
"C264";"0.01uF";"C0402";"0402";"";"";"";"";"";"0.35";"";"";"";"";"";"";
"C265";"0.01uF";"C0402";"0402";"";"";"";"";"";"0.35";"";"";"";"";"";"";
"C266";"330uF";"CPANASONIC_F";"PANASONIC_F";"";"";"";"";"";"";"";"";"";"";"";"";
"C267";"0.1uF";"C0201";"0201";"";"0";"90.000";"5.600";"28.400";"0.25";"";"";"";"";"2";"";
"C268";"4.7uF";"C0603";"0603";"";"0";"0.000";"66.900";"11.100";"0.5";"";"";"";"";"4";"";
"C269";"0.1uF";"C0201";"0201";"";"0";"90.000";"5.600";"28.400";"0.25";"";"";"";"";"2";"";
"C270";"0.22uF";"C0402";"0402";"";"0";"90.000";"5.600";"28.400";"0.35";"";"";"";"";"2";"";
"C271";"0.01uF / 25V";"C0402";"0402";"";"0";"90.000";"5.600";"28.400";"0.35";"";"";"";"";"2";"";
"C272";"10uF";"C0402";"0402";"";"0";"180.000";"70.250";"11.150";"0.35";"";"";"";"";"5";"";
"C273";"0.1uF";"C0201";"0201";"";"0";"90.000";"5.600";"28.400";"0.25";"";"";"";"";"2";"";
"C274";"0.1uF";"C0201";"0201";"";"0";"90.000";"5.600";"28.400";"0.25";"";"";"";"";"2";"";
"C275";"10uF";"C0402";"0402";"";"0";"90.000";"5.600";"28.400";"0.35";"";"";"";"";"2";"";
"CONN1";"U.FL";"U.FL";"U.FL";"";"";"";"";"";"0.9";"";"";"";"";"";"";
"D1";"RED";"LED0603";"D0603";"";"";"";"";"";"0.5";"";"";"";"";"";"";
"D2";"GREEN";"LED0603";"D0603";"";"";"";"";"";"0.5";"";"";"";"";"";"";
"D3";"PS04LTVA1";"ESD-DIODE";"D0402";"";"";"";"";"";"0.35";"";"";"";"";"";"";
"D4";"PS04LTVA1";"ESD-DIODE";"D0402";"";"";"";"";"";"0.35";"";"";"";"";"";"";
"D5";"B72590D50A060";"ESD-DIODE";"D0402";"";"";"";"";"";"0.35";"";"";"";"";"";"";
"D6";"B72590D50A060";"ESD-DIODE";"D0402";"";"";"";"";"";"0.35";"";"";"";"";"";"";
"D7";"PS04LTVA1";"ESD-DIODE";"D0402";"";"";"";"";"";"0.35";"";"";"";"";"";"";
"D8";"PS04LTVA1";"ESD-DIODE";"D0402";"";"";"";"";"";"0.35";"";"";"";"";"";"";
"D9";"B72590D50A060";"ESD-DIODE";"D0402";"";"";"";"";"";"0.35";"";"";"";"";"";"";
"D10";"CDBC540-G";"SCHOTTKY-DIODE";"DO-214AB";"Schottky Diode";"";"";"";"";"";"";"";"";"";"";"";
"D11";"BLUE";"LED0603";"D0603";"";"";"";"";"";"0.5";"";"";"";"";"";"";
"D12";"YELLOW";"LED0603";"D0603";"";"";"";"";"";"0.5";"";"";"";"";"";"";
"D13";"PS04LTVA1";"ESD-DIODE";"D0402";"";"";"";"";"";"0.35";"";"";"";"";"";"";
"D14";"PS04LTVA1";"ESD-DIODE";"D0402";"";"";"";"";"";"0.35";"";"";"";"";"";"";
"D15";"CDBC540-G";"SCHOTTKY-DIODE";"DO-214AB";"Schottky Diode";"";"";"";"";"";"";"";"";"";"";"";
"D16";"B72590D50A060";"ESD-DIODE";"D0402";"";"";"";"";"";"0.35";"";"";"";"";"";"";
"D17";"PS04LTVA1";"ESD-DIODE";"D0402";"";"";"";"";"";"0.35";"";"";"";"";"";"";
"D18";"PS04LTVA1";"ESD-DIODE";"D0402";"";"";"";"";"";"0.35";"";"";"";"";"";"";
"D19";"B72590D50A060";"ESD-DIODE";"D0402";"";"";"";"";"";"0.35";"";"";"";"";"";"";
"D20";"B72590D50A060";"ESD-DIODE";"D0402";"";"";"";"";"";"0.35";"";"";"";"";"";"";
"D21";"PS04LTVA1";"ESD-DIODE";"D0402";"";"";"";"";"";"0.35";"";"";"";"";"";"";
"D22";"PS04LTVA1";"ESD-DIODE";"D0402";"";"";"";"";"";"0.35";"";"";"";"";"";"";
"D23";"PS04LTVA1";"ESD-DIODE";"D0402";"";"";"";"";"";"0.35";"";"";"";"";"";"";
"D24";"PS04LTVA1";"ESD-DIODE";"D0402";"";"";"";"";"";"0.35";"";"";"";"";"";"";
"D25";"PS04LTVA1";"ESD-DIODE";"D0402";"";"";"";"";"";"0.35";"";"";"";"";"";"";
"D26";"PS04LTVA1";"ESD-DIODE";"D0402";"";"";"";"";"";"0.35";"";"";"";"";"";"";
"D27";"PS04LTVA1";"ESD-DIODE";"D0402";"";"";"";"";"";"0.35";"";"";"";"";"";"";
"D28";"PS04LTVA1";"ESD-DIODE";"D0402";"";"";"";"";"";"0.35";"";"";"";"";"";"";
"D29";"PS04LTVA1";"ESD-DIODE";"D0402";"";"";"";"";"";"0.35";"";"";"";"";"";"";
"D30";"PS04LTVA1";"ESD-DIODE";"D0402";"";"";"";"";"";"0.35";"";"";"";"";"";"";
"D31";"MBRA140T3G";"DSMA";"SMAJ";"";"";"";"";"";"";"";"";"";"";"";"";
"D32";"PS04LTVA1";"ESD-DIODE";"D0402";"";"";"";"";"";"0.35";"";"";"";"";"";"";
"F1";"0603L100SLYR";"PTC0603";"0603";"Positive Temperature Coefficient Resistor";"";"";"";"";"0.5";"";"";"";"";"";"";
"F2";"0603L100SLYR";"PTC0603";"0603";"Positive Temperature Coefficient Resistor";"";"";"";"";"0.5";"";"";"";"";"";"";
"F3";"2920L500/16MR";"PTC2920";"2920";"Positive Temperature Coefficient Resistor";"";"";"";"";"";"";"";"";"";"";"";
"F4";"0603L100SLYR";"PTC0603";"0603";"Positive Temperature Coefficient Resistor";"";"";"";"";"0.5";"";"";"";"";"";"";
"F5";"0603L100SLYR";"PTC0603";"0603";"Positive Temperature Coefficient Resistor";"";"";"";"";"0.5";"";"";"";"";"";"";
"FB1";"120R 1A";"FB0402";"0402";"";"0";"90.000";"49.400";"38.400";"0.35";"";"";"";"";"2";"";
"FB2";"120R 1A";"FB0402";"0402";"";"0";"90.000";"54.000";"38.400";"0.35";"";"";"";"";"2";"";
"FB3";"120R 1A";"FB0402";"0402";"";"0";"90.000";"49.400";"38.400";"0.35";"";"";"";"";"2";"";
"FB4";"120R 1A";"FB0402";"0402";"";"0";"90.000";"49.400";"38.400";"0.35";"";"";"";"";"2";"";
"FB5";"120R 1A";"FB0402";"0402";"";"";"";"";"";"0.35";"";"";"";"";"";"";
"FB6";"120R 1A";"FB0402";"0402";"";"";"";"";"";"0.35";"";"";"";"";"";"";
"FB7";"120R 1A";"FB0402";"0402";"";"0";"0.000";"18.850";"23.600";"0.35";"";"";"";"";"6";"";
"FB8";"120R 1A";"FB0402";"0402";"";"0";"180.000";"31.850";"25.300";"0.35";"";"";"";"";"6";"";
"FB9";"120R 1A";"FB0402";"0402";"";"0";"90.000";"11.200";"28.400";"0.35";"";"";"";"";"2";"";
"FB10";"120R 6.0A";"FB0805";"0805";"";"0";"0.000";"56.400";"28.200";"0.51";"";"";"";"";"2";"";
"FB11";"120R 1A";"FB0402";"0402";"";"";"";"";"";"0.35";"";"";"";"";"";"";
"FB12";"120R 1A";"FB0402";"0402";"";"";"";"";"";"0.35";"";"";"";"";"";"";
"IC1";"EP5368";"EP5368";"EP-3X3MMQFN16";"";"";"";"";"";"1.1";"";"";"";"";"";"";
"IC2";"TPS62111";"TPS62111";"PQFP16";"";"0";"180.000";"74.800";"22.000";"1";"";"";"";"";"1";"";
"IC3";"STM32F10XVXT6-FLASH";"STM32F10XVXT6";"TQFP100";"STM32F101/103 100 pin LQFP";"";"";"";"";"";"";"";"";"";"";"";
"IC4";"TFP410";"TFP100";"TQFP-64";"";"0";"180.000";"24.200";"14.800";"1.1";"";"";"";"";"6";"";
"J1";"DNP";"MA03X1100";"MA03-100";"";"";"";"";"";"";"";"";"";"";"";"";
"J2";"0.100 MALE PIN";"2X03SHROUD";"2X03_SHROUD";"";"";"";"";"";"";"";"";"";"";"";"";
"J3";"ML-621S/ZTN";"COIN_CELL_6.8MM";"BATTERY_6.8MM-2998";"";"";"";"";"";"";"";"";"";"";"";"";
"J4";"0.1 FEMALE";"1X06";"1X06";"";"";"";"";"";"";"";"";"";"";"";"";
"J5";"0.1 FEMALE";"2X06";"2X06";"";"";"";"";"";"";"";"";"";"";"";"";
"J6";"MA03X1 MALE";"MA03X1100";"MA03-100";"";"";"";"";"";"";"";"";"";"";"";"";
"J7";"DNP";"2X03";"2X03";"";"";"";"";"";"";"";"";"";"";"";"";
"J8";"DNP";"MA03X1100";"MA03-100";"";"";"";"";"";"";"";"";"";"";"";"";
"J9";"0.100 MALE PIN";"2X03SHROUD";"2X03_SHROUD";"";"";"";"";"";"";"";"";"";"";"";"";
"J10";"USB_MICRO_B";"USB_MICRO_B";"USB_MICRO_B";"";"";"";"";"";"";"";"";"";"";"";"";
"J11";"MA03X1 MALE";"MA03X1100";"MA03-100";"";"";"";"";"";"";"";"";"";"";"";"";
"J12";"CONN20FEMALE";"CONN20HEADER";"057-020-1";"";"";"";"";"";"";"";"";"";"";"";"";
"J13";"CONN10FEMALE";"CONN10HEADER";"057-010-1";"";"";"";"";"";"";"";"";"";"";"";"";
"J14";"USB_MICRO_B";"USB_MICRO_B";"USB_MICRO_B";"";"";"";"";"";"";"";"";"";"";"";"";
"J15";"HDMIMICRO";"HDMIMICRO";"46765-001";"";"0";"180.000";"26.000";"29.400";"";"";"";"";"";"6";"";
"JTAG";"DNP";"1365-10";"1365-10";"DUAL ROW STRAIGHT HEADER 1364 SERIES. 1.27mm x 1.27mm. Without Fixing Post. SMT";"";"";"";"";"";"";"";"unknown";"unknown";"";"";
"K1";"61400826021";"61400826021";"61400826021";"WR-COM Horizontal Dual Stacked USB Type A";"";"";"";"";"";"";"";"";"";"";"";
"L1";"6.8uH";"L1515";"1515";"";"";"";"";"";" 1.9";"";"";"";"";"";"";
"L2";"10uH";"L3232DZ";"3232DZ";"";"0";"180.000";"76.000";"17.000";"";"";"";"";"";"1";"";
"L3";"DLP11SN900HL2";"COM_MODE_CHOKE";"0504-DLP11S";"";"";"";"";"";"0.83";"";"";"";"";"";"";
"L4";"DLP11SN900HL2";"COM_MODE_CHOKE";"0504-DLP11S";"";"";"";"";"";"0.83";"";"";"";"";"";"";
"L5";"DLP11SN900HL2";"COM_MODE_CHOKE";"0504-DLP11S";"";"";"";"";"";"0.83";"";"";"";"";"";"";
"L6";"DLP11SN900HL2";"COM_MODE_CHOKE";"0504-DLP11S";"";"";"";"";"";"0.83";"";"";"";"";"";"";
"L7";"DLP0NSN900HL2";"COM_MODE_CHOKE03025";"03025-DLP0NS";"";"";"";"";"";"0.45";"";"";"";"";"";"";
"L8";"DLP0NSN900HL2";"COM_MODE_CHOKE03025";"03025-DLP0NS";"";"";"";"";"";"0.45";"";"";"";"";"";"";
"L9";"DLP0NSN900HL2";"COM_MODE_CHOKE03025";"03025-DLP0NS";"";"";"";"";"";"0.45";"";"";"";"";"";"";
"L10";"DLP0NSN900HL2";"COM_MODE_CHOKE03025";"03025-DLP0NS";"";"";"";"";"";"0.45";"";"";"";"";"";"";
"L11";"2.2uH";"L1515";"1515";"";"";"";"";"";" 1.9";"";"";"";"";"";"";
"L12";"2.2uH";"L1515";"1515";"";"";"";"";"";" 1.9";"";"";"";"";"";"";
"L13";"2.2uH";"L1515";"1515";"";"";"";"";"";" 1.9";"";"";"";"";"";"";
"L14";"18uH";"WE-PD2_4532";"WE-PD2_4532";"SMD-Power Inductors WE-PD2";"";"";"";"";"";"";"";"";"";"";"";
"L15";"10uH";"L3232DZ";"3232DZ";"";"0";"180.000";"76.000";"17.000";"";"";"";"";"";"1";"";
"Q1";"FDT434P";"BSP170P";"SOT223";"SIPMOS(R) Small-Signal-Transistor P-Channel, Enhancement mode";"";"";"";"";"";"";"";"";"";"";"";
"Q2";"BSS138";"BSS138";"SOT23";"N-Channel Enhancement MOSFET";"";"";"";"";"1.12";"";"";"";"";"";"";
"Q3";"BSS138";"BSS138";"SOT23";"N-Channel Enhancement MOSFET";"";"";"";"";"1.12";"";"";"";"";"";"";
"Q4";"BSS138";"BSS138";"SOT23";"N-Channel Enhancement MOSFET";"";"";"";"";"1.12";"";"";"";"";"";"";
"Q5";"32.768kHz";"ASFL1";"ASF";"CRYSTAL CLOCK OSCILLATORS";"";"";"";"";"";"Abracon Corporation";"ASFL1-125.000MHZ-EC-T";"1838931";"19M1882";"";"";
"Q6";"FDT434P";"BSP170P";"SOT223";"SIPMOS(R) Small-Signal-Transistor P-Channel, Enhancement mode";"";"";"";"";"";"";"";"";"";"";"";
"R1";"15K";"R0402";"0402";"";"";"";"";"";"0.35";"";"";"";"";"";"";
"R2";"DNP";"R0402";"0402";"";"";"";"";"";"0.35";"";"";"";"";"";"";
"R3";"10K";"R0201";"0201";"";"";"";"";"";"0.25";"";"";"";"";"";"";
"R4";"6K8";"R0402";"0402";"";"";"";"";"";"0.35";"";"";"";"";"";"";
"R5";"6K8";"R0402";"0402";"";"";"";"";"";"0.35";"";"";"";"";"";"";
"R6";"2K2";"R0402";"0402";"";"";"";"";"";"0.35";"";"";"";"";"";"";
"R7";"2K2";"R0402";"0402";"";"";"";"";"";"0.35";"";"";"";"";"";"";
"R8";"470R";"R0402";"0402";"";"";"";"";"";"0.35";"";"";"";"";"";"";
"R9";"470R";"R0402";"0402";"";"";"";"";"";"0.35";"";"";"";"";"";"";
"R10";"1K5";"R0402";"0402";"";"";"";"";"";"0.35";"";"";"";"";"";"";
"R11";"6K8";"R0402";"0402";"";"";"";"";"";"0.35";"";"";"";"";"";"";
"R12";"6K8";"R0402";"0402";"";"";"";"";"";"0.35";"";"";"";"";"";"";
"R13";"2K2";"R0402";"0402";"";"";"";"";"";"0.35";"";"";"";"";"";"";
"R14";"2K2";"R0402";"0402";"";"";"";"";"";"0.35";"";"";"";"";"";"";
"R15";"470R";"R0402";"0402";"";"";"";"";"";"0.35";"";"";"";"";"";"";
"R16";"470R";"R0402";"0402";"";"";"";"";"";"0.35";"";"";"";"";"";"";
"R17";"1K5";"R0402";"0402";"";"";"";"";"";"0.35";"";"";"";"";"";"";
"R18";"330R";"R0201";"0201";"";"";"";"";"";"0.25";"";"";"";"";"";"";
"R19";"30K";"R0201";"0201";"";"";"";"";"";"0.25";"";"";"";"";"";"";
"R20";"1K";"R0201";"0201";"";"";"";"";"";"0.25";"";"";"";"";"";"";
"R21";"DNP";"R0201";"0201";"";"";"";"";"";"0.25";"";"";"";"";"";"";
"R22";"DNP";"R0201";"0201";"";"";"";"";"";"0.25";"";"";"";"";"";"";
"R23";"150R";"R0402";"0402";"";"";"";"";"";"0.35";"";"";"";"";"";"";
"R24";"10K";"R0402";"0402";"";"";"";"";"";"0.35";"";"";"";"";"";"";
"R25";"1K";"R0402";"0402";"";"";"";"";"";"0.35";"";"";"";"";"";"";
"R26";"100K";"R0201";"0201";"";"";"";"";"";"0.25";"";"";"";"";"";"";
"R27";"DNP";"R0201";"0201";"";"";"";"";"";"0.25";"";"";"";"";"";"";
"R28";"DNP";"R0201";"0201";"";"";"";"";"";"0.25";"";"";"";"";"";"";
"R29";"100K";"R0201";"0201";"";"";"";"";"";"0.25";"";"";"";"";"";"";
"R30";"100K";"R0201";"0201";"";"";"";"";"";"0.25";"";"";"";"";"";"";
"R31";"100K";"R0201";"0201";"";"";"";"";"";"0.25";"";"";"";"";"";"";
"R32";"1K5";"R0201";"0201";"";"";"";"";"";"0.25";"";"";"";"";"";"";
"R33";"1K";"R0201";"0201";"";"";"";"";"";"0.25";"";"";"";"";"";"";
"R34";"0R";"R0201";"0201";"";"";"";"";"";"0.25";"";"";"";"";"";"";
"R35";"0R";"R0201";"0201";"";"";"";"";"";"0.25";"";"";"";"";"";"";
"R36";"DNP";"R0201";"0201";"";"";"";"";"";"0.25";"";"";"";"";"";"";
"R37";"DNP";"R0201";"0201";"";"";"";"";"";"0.25";"";"";"";"";"";"";
"R38";"1M0";"R0402";"0402";"";"0";"270.000";"72.800";"18.400";"0.35";"";"";"";"";"1";"";
"R39";"0R";"R0402";"0402";"";"0";"270.000";"72.800";"18.400";"0.35";"";"";"";"";"1";"";
"R40";"DNP";"R0402";"0402";"";"0";"270.000";"72.800";"18.400";"0.35";"";"";"";"";"1";"";
"R41";"15K";"R0201";"0201";"";"";"";"";"";"0.25";"";"";"";"";"";"";
"R42";"0R";"R0201";"0201";"";"";"";"";"";"0.25";"";"";"";"";"";"";
"R43";"22K";"R0402";"0402";"";"";"";"";"";"0.35";"";"";"";"";"";"";
"R44";"100K";"R0402";"0402";"";"0";"-270.000";"-20.800";"8.200";"0.35";"";"";"";"";"9";"";
"R45";"100K";"R0402";"0402";"";"0";"-270.000";"-20.800";"8.200";"0.35";"";"";"";"";"9";"";
"R46";"12K0";"R0402";"0402";"";"0";"-270.000";"-20.800";"8.200";"0.35";"";"";"";"";"9";"";
"R47";"100K";"R0402";"0402";"";"0";"-270.000";"-20.800";"8.200";"0.35";"";"";"";"";"9";"";
"R48";"100K";"R0402";"0402";"";"0";"-270.000";"-20.800";"8.200";"0.35";"";"";"";"";"9";"";
"R49";"100K";"R0402";"0402";"";"0";"-270.000";"-20.800";"8.200";"0.35";"";"";"";"";"9";"";
"R50";"100K";"R0402";"0402";"";"0";"-270.000";"-20.800";"8.200";"0.35";"";"";"";"";"9";"";
"R51";"1M0";"R0402";"0402";"";"0";"-270.000";"-20.800";"8.200";"0.35";"";"";"";"";"9";"";
"R52";"0R";"R0805";"0805";"";"";"";"";"";"0.51";"";"";"";"";"";"";
"R53";"200K";"R0402";"0402";"";"0";"-270.000";"-20.800";"8.200";"0.35";"";"";"";"";"9";"";
"R54";"51K";"R0402";"0402";"";"0";"-270.000";"-20.800";"8.200";"0.35";"";"";"";"";"9";"";
"R55";"180R";"R0402";"0402";"";"";"";"";"";"0.35";"";"";"";"";"";"";
"R56";"10K";"R0402";"0402";"";"";"";"";"";"0.35";"";"";"";"";"";"";
"R57";"1K";"R0402";"0402";"";"";"";"";"";"0.35";"";"";"";"";"";"";
"R58";"180R";"R0402";"0402";"";"";"";"";"";"0.35";"";"";"";"";"";"";
"R59";"10K";"R0402";"0402";"";"";"";"";"";"0.35";"";"";"";"";"";"";
"R60";"1K";"R0402";"0402";"";"";"";"";"";"0.35";"";"";"";"";"";"";
"R61";"15K";"R0402";"0402";"";"";"";"";"";"0.35";"";"";"";"";"";"";
"R62";"18K";"R0402";"0402";"";"";"";"";"";"0.35";"";"";"";"";"";"";
"R63";"DNP";"R0603";"0603";"";"";"";"";"";"0.5";"";"";"";"";"";"";
"R64";"6K8";"R0402";"0402";"";"";"";"";"";"0.35";"";"";"";"";"";"";
"R65";"6K8";"R0402";"0402";"";"";"";"";"";"0.35";"";"";"";"";"";"";
"R66";"2K2";"R0402";"0402";"";"";"";"";"";"0.35";"";"";"";"";"";"";
"R67";"2K2";"R0402";"0402";"";"";"";"";"";"0.35";"";"";"";"";"";"";
"R68";"470R";"R0402";"0402";"";"";"";"";"";"0.35";"";"";"";"";"";"";
"R69";"470R";"R0402";"0402";"";"";"";"";"";"0.35";"";"";"";"";"";"";
"R70";"1K5";"R0402";"0402";"";"";"";"";"";"0.35";"";"";"";"";"";"";
"R71";"6K8";"R0402";"0402";"";"";"";"";"";"0.35";"";"";"";"";"";"";
"R72";"6K8";"R0402";"0402";"";"";"";"";"";"0.35";"";"";"";"";"";"";
"R73";"2K2";"R0402";"0402";"";"";"";"";"";"0.35";"";"";"";"";"";"";
"R74";"2K2";"R0402";"0402";"";"";"";"";"";"0.35";"";"";"";"";"";"";
"R75";"470R";"R0402";"0402";"";"";"";"";"";"0.35";"";"";"";"";"";"";
"R76";"470R";"R0402";"0402";"";"";"";"";"";"0.35";"";"";"";"";"";"";
"R77";"1K5";"R0402";"0402";"";"";"";"";"";"0.35";"";"";"";"";"";"";
"R78";"0R";"R0201";"0201";"";"";"";"";"";"0.25";"";"";"";"";"";"";
"R79";"0R";"R0603";"0603";"";"";"";"";"";"0.5";"";"";"";"";"";"";
"R80";"DNP";"R0201";"0201";"";"";"";"";"";"0.25";"";"";"";"";"";"";
"R81";"DNP";"R0201";"0201";"";"";"";"";"";"0.25";"";"";"";"";"";"";
"R82";"0R";"R0402";"0402";"";"";"";"";"";"0.35";"";"";"";"";"";"";
"R83";"240R0";"R0201";"0201";"";"0";"-270.000";"-20.800";"8.200";"0.25";"";"";"";"";"9";"";
"R84";"33R0";"R0201";"0201";"";"0";"-270.000";"-20.800";"8.200";"0.25";"";"";"";"";"9";"";
"R85";"100K";"R0402";"0402";"";"0";"-270.000";"-20.800";"8.200";"0.35";"";"";"";"";"9";"";
"R86";"10K";"R0201";"0201";"";"0";"-270.000";"-20.800";"8.200";"0.25";"";"";"";"";"9";"";
"R87";"0R";"R0201";"0201";"";"0";"-270.000";"-20.800";"8.200";"0.25";"";"";"";"";"9";"";
"R88";"100K";"R0201";"0201";"";"0";"-270.000";"-20.800";"8.200";"0.25";"";"";"";"";"9";"";
"R89";"10K";"R0201";"0201";"";"0";"-270.000";"-20.800";"8.200";"0.25";"";"";"";"";"9";"";
"R90";"0R";"R0201";"0201";"";"0";"-270.000";"-20.800";"8.200";"0.25";"";"";"";"";"9";"";
"R91";"10K";"R0201";"0201";"";"0";"-270.000";"-20.800";"8.200";"0.25";"";"";"";"";"9";"";
"R92";"100K";"R0201";"0201";"";"0";"-270.000";"-20.800";"8.200";"0.25";"";"";"";"";"9";"";
"R93";"DNP";"R0201";"0201";"";"";"";"";"";"0.25";"";"";"";"";"";"";
"R94";"DNP";"R0201";"0201";"";"";"";"";"";"0.25";"";"";"";"";"";"";
"R95";"75K";"R0402";"0402";"";"";"";"";"";"0.35";"";"";"";"";"";"";
"R96";"10K";"R0402";"0402";"";"0";"180.000";"33.800";"14.800";"0.35";"";"";"";"";"6";"";
"R97";"10K";"R0402";"0402";"";"0";"270.000";"33.800";"19.600";"0.35";"";"";"";"";"6";"";
"R98";"10K";"R0402";"0402";"";"0";"270.000";"35.500";"19.600";"0.35";"";"";"";"";"6";"";
"R99";"10K";"R0402";"0402";"";"0";"0.000";"34.800";"7.400";"0.35";"";"";"";"";"6";"";
"R100";"10K";"R0402";"0402";"";"0";"0.000";"32.600";"7.400";"0.35";"";"";"";"";"6";"";
"R101";"10K";"R0402";"0402";"";"0";"270.000";"32.000";"19.600";"0.35";"";"";"";"";"6";"";
"R102";"510R";"R0402";"0402";"";"0";"90.000";"26.950";"23.400";"0.35";"";"";"";"";"6";"";
"R103";"DNP";"R0402";"0402";"";"0";"270.000";"39.000";"19.600";"0.35";"";"";"";"";"6";"";
"R104";"4K7";"R0402";"0402";"";"0";"270.000";"37.200";"19.600";"0.35";"";"";"";"";"6";"";
"R105";"10K";"R0402";"0402";"";"0";"0.000";"16.400";"24.650";"0.35";"";"";"";"";"6";"";
"R106";"200K";"R0402";"0402";"";"0";"0.000";"41.800";"21.200";"0.35";"";"";"";"";"6";"";
"R107";"1K5";"R0402";"0402";"";"0";"0.000";"41.800";"21.200";"0.35";"";"";"";"";"6";"";
"R108";"1K5";"R0402";"0402";"";"0";"0.000";"41.800";"21.200";"0.35";"";"";"";"";"6";"";
"R109";"1K5";"R0402";"0402";"";"0";"0.000";"41.800";"21.200";"0.35";"";"";"";"";"6";"";
"R110";"0R";"R0603";"0603";"";"";"";"";"";"0.5";"";"";"";"";"";"";
"R111";"DNP";"R0603";"0603";"";"";"";"";"";"0.5";"";"";"";"";"";"";
"R112";"1K5";"R0402";"0402";"";"0";"0.000";"41.800";"21.200";"0.35";"";"";"";"";"6";"";
"R113";"10R0";"R0402";"0402";"";"0";"270.000";"39.000";"19.600";"0.35";"";"";"";"";"6";"";
"R114";"DNP";"R0402";"0402";"";"0";"0.000";"16.400";"24.650";"0.35";"";"";"";"";"6";"";
"R115";"10R0";"R0402";"0402";"";"0";"270.000";"39.000";"19.600";"0.35";"";"";"";"";"6";"";
"R116";"10R0";"R0402";"0402";"";"0";"270.000";"39.000";"19.600";"0.35";"";"";"";"";"6";"";
"R117";"10R0";"R0402";"0402";"";"0";"270.000";"39.000";"19.600";"0.35";"";"";"";"";"6";"";
"R118";"0R";"R0201";"0201";"";"";"";"";"";"0.25";"";"";"";"";"";"";
"R119";"0R";"R0201";"0201";"";"";"";"";"";"0.25";"";"";"";"";"";"";
"R120";"180K";"R0201";"0201";"";"";"";"";"";"0.25";"";"";"";"";"";"";
"R121";"100K";"R0201";"0201";"";"";"";"";"";"0.25";"";"";"";"";"";"";
"R122";"1K5";"R0201";"0201";"";"";"";"";"";"0.25";"";"";"";"";"";"";
"R123";"1K5";"R0201";"0201";"";"";"";"";"";"0.25";"";"";"";"";"";"";
"R124";"100K";"R0201";"0201";"";"";"";"";"";"0.25";"";"";"";"";"";"";
"R125";"10K";"R0201";"0201";"";"";"";"";"";"0.25";"";"";"";"";"";"";
"R126";"10K";"R0201";"0201";"";"";"";"";"";"0.25";"";"";"";"";"";"";
"R127";"10K";"R0201";"0201";"";"";"";"";"";"0.25";"";"";"";"";"";"";
"R128";"1K5";"R0201";"0201";"";"";"";"";"";"0.25";"";"";"";"";"";"";
"R129";"49R9";"R0201";"0201";"";"";"";"";"";"0.25";"";"";"";"";"";"";
"R130";"1K5";"R0201";"0201";"";"";"";"";"";"0.25";"";"";"";"";"";"";
"R131";"10K";"R0201";"0201";"";"";"";"";"";"0.25";"";"";"";"";"";"";
"R132";"10K";"R0201";"0201";"";"";"";"";"";"0.25";"";"";"";"";"";"";
"R133";"240R0";"R0201";"0201";"";"";"";"";"";"0.25";"";"";"";"";"";"";
"R134";"1K5";"R0201";"0201";"";"";"";"";"";"0.25";"";"";"";"";"";"";
"R135";"10K";"R0201";"0201";"";"";"";"";"";"0.25";"";"";"";"";"";"";
"R136";"DNP";"R0603";"0603";"";"";"";"";"";"0.5";"";"";"";"";"";"";
"R137";"DNP";"R0603";"0603";"";"";"";"";"";"0.5";"";"";"";"";"";"";
"R138";"1K5";"R0201";"0201";"";"";"";"";"";"0.25";"";"";"";"";"";"";
"R139";"1K5";"R0201";"0201";"";"";"";"";"";"0.25";"";"";"";"";"";"";
"R140";"0R";"R0805";"0805";"";"";"";"";"";"0.51";"";"";"";"";"";"";
"R141";"100K";"R0402";"0402";"";"0";"-270.000";"-20.800";"8.200";"0.35";"";"";"";"";"9";"";
"R142";"31K6";"R0402";"0402";"";"0";"-270.000";"-20.800";"8.200";"0.35";"";"";"";"";"9";"";
"R143";"10K";"R0402";"0402";"";"0";"270.000";"39.000";"19.600";"0.35";"";"";"";"";"6";"";
"R144";"DNP";"R0402";"0402";"";"";"";"";"";"0.35";"";"";"";"";"";"";
"R340";"100K";"R0201";"0201";"";"";"";"";"";"0.25";"";"";"";"";"";"";
"R342";"100K";"R0201";"0201";"";"";"";"";"";"0.25";"";"";"";"";"";"";
"R344";"100K";"R0201";"0201";"";"";"";"";"";"0.25";"";"";"";"";"";"";
"RP1";"33R0";"RP741X163";"741X16";"";"";"";"";"";"0.5";"";"";"";"";"";"";
"RP2";"10K0";"RP741X163";"741X16";"";"";"";"";"";"0.5";"";"";"";"";"";"";
"RP3";"DNP";"RP741X083";"741X08";"";"";"";"";"";"0.4";"";"";"";"";"";"";
"RP4";"DNP";"RP741X163";"741X16";"";"";"";"";"";"0.5";"";"";"";"";"";"";
"RP5";"10K0";"RP741X163";"741X16";"";"";"";"";"";"0.5";"";"";"";"";"";"";
"RP6";"33R0";"RP741X163";"741X16";"";"";"";"";"";"0.5";"";"";"";"";"";"";
"RP7";"DNP";"RP741X163";"741X16";"";"";"";"";"";"0.5";"";"";"";"";"";"";
"RP8";"10R0";"RP741X163";"741X16";"";"";"";"";"";"0.5";"";"";"";"";"";"";
"RP9";"10R0";"RP741X163";"741X16";"";"";"";"";"";"0.5";"";"";"";"";"";"";
"RP10";"10R0";"RP741X163";"741X16";"";"";"";"";"";"0.5";"";"";"";"";"";"";
"S1";"EVQ";"EVQ";"EVQ";"";"";"";"";"";"2";"";"";"";"";"";"";
"S2";"EVQ";"EVQ";"EVQ";"";"";"";"";"";"2";"";"";"";"";"";"";
"SPKR+";"DNP";"TPSQPAD1-13";"P1-13";"Test pad";"";"";"";"";"0";"";"";"";"";"";"";
"SPKR-";"DNP";"TPSQPAD1-13";"P1-13";"Test pad";"";"";"";"";"0";"";"";"";"";"";"";
"TP1";"DNP";"TP05";"TP0500";"";"";"";"";"";"0";"";"";"";"";"";"";
"TP2";"DNP";"TP05";"TP0500";"";"";"";"";"";"0";"";"";"";"";"";"";
"U$19";"TPS5450";"TPS5450";"8SO_POWERPAD";"";"";"";"";"";"";"";"";"";"";"";"";
"U$27";"TPS5450";"TPS5450";"8SO_POWERPAD";"";"";"";"";"";"";"";"";"";"";"";"";
"U$30";"USD_3M2900";"USD_3M2900";"USD";"";"";"";"";"";"2";"";"";"";"";"";"";
"U$66";"ADS7846RGV";"ADS7846RGV";"QFN16";"";"";"";"";"";"1";"";"";"";"";"";"";
"U$67";"SN74LVC16T245";"74AC164245TVSOP";"TVSOP48";"";"";"";"";"";"1.14";"";"";"";"";"";"";
"U$68";"SN74LVC16T245";"74AC164245TVSOP";"TVSOP48";"";"";"";"";"";"1.14";"";"";"";"";"";"";
"U$69";"SN74LVC16T245";"74AC164245TVSOP";"TVSOP48";"";"";"";"";"";"1.14";"";"";"";"";"";"";
"U$70";"FH12-40-NHD-4.3";"FH12-40-NHD-4.3"";"FH12-40S-0.5SH";"";"";"";"";"";"";"";"";"";"";"";"";
"U$72";"AM3354BZCZ80";"AM335_ZCZ";"BGA324C80P18X18";"";"";"";"";"";"";"";"";"";"";"";"";
"U$79";"100K";"741C083";"741C083";"Resisor Network";"";"";"";"";"";"";"";"";"";"";"";
"U$80";"100K";"741C083";"741C083";"Resisor Network";"";"";"";"";"";"";"";"";"";"";"";
"U$81";"100K";"741C083";"741C083";"Resisor Network";"";"";"";"";"";"";"";"";"";"";"";
"U$82";"100K";"741C083";"741C083";"Resisor Network";"";"";"";"";"";"";"";"";"";"";"";
"U$101";"MT41K256M16";"MT41K256M16";"FBGA_96_10_14";"";"";"";"";"";"";"";"";"";"";"";"";
"U1";"TXS0102";"TXS0102";"DFN8-0.4P";"";"";"";"";"";"";"";"";"";"";"";"";
"U2";"TXS0102";"TXS0102";"DFN8-0.4P";"";"";"";"";"";"";"";"";"";"";"";"";
"U3";"DS1340";"DS1339";"SO-8";"";"";"";"";"";"";"";"";"";"";"";"";
"U4";"";"TB6612FNG";"SSOP24";"Toshiba 1A dual motor driver";"";"";"";"";"";"";"";"";"";"";"";
"U5";"MA03X2 FEMALE";"MA03X2";"MA03-2";"";"";"";"";"";"";"";"";"";"";"";"";
"U6";"APTB1615";"APTB1615";"APTB1615";"Kingbright Bi-colour LED";"";"";"";"";"";"";"";"";"";"";"";
"U7";"APTB1615";"APTB1615";"APTB1615";"Kingbright Bi-colour LED";"";"";"";"";"";"";"";"";"";"";"";
"U8";"TXS0108E";"TXS0108E";"QFN20";"";"";"";"";"";"";"";"";"";"";"";"";
"U9";"JS102011SAQN";"JS102011SAQN";"JS102011SAQN";"";"";"";"";"";"";"";"";"";"";"";"";
"U10";"TXS0102";"TXS0102";"DFN8-0.4P";"";"";"";"";"";"";"";"";"";"";"";"";
"U11";"TXS0102";"TXS0102";"DFN8-0.4P";"";"";"";"";"";"";"";"";"";"";"";"";
"U14";"TPS2052B";"TPS2052";"MSOP8-PAD";"";"";"";"";"";"1.1";"";"";"";"";"";"";
"U15";"TLV320AIC3106";"TLV320AIC3106";"QFN48";"";"";"";"";"";"";"";"";"";"";"";"";
"U16";"";"74AVC2T245";"UQFN-10";"";"";"";"";"";"0.6";"";"";"";"";"";"";
"U17";"LM4862M";"LM4862";"SO-8";"";"";"";"";"";"1.75";"";"";"";"";"";"";
"U18";"USB2513";"USB2513";"QFN36-6X6MM";"";"";"";"";"";"1";"";"";"";"";"";"";
"U20";"TXS0108E";"TXS0108E";"QFN20";"";"";"";"";"";"";"";"";"";"";"";"";
"U21";"TXS0102";"TXS0102";"DFN8-0.4P";"";"";"";"";"";"";"";"";"";"";"";"";
"U22";"TXS0102";"TXS0102";"DFN8-0.4P";"";"";"";"";"";"";"";"";"";"";"";"";
"U23";"";"TB6612FNG";"SSOP24";"Toshiba 1A dual motor driver";"";"";"";"";"";"";"";"";"";"";"";
"U24";"MA03X2 FEMALE";"MA03X2";"MA03-2";"";"";"";"";"";"";"";"";"";"";"";"";
"U25";"APTB1615";"APTB1615";"APTB1615";"Kingbright Bi-colour LED";"";"";"";"";"";"";"";"";"";"";"";
"U26";"APTB1615";"APTB1615";"APTB1615";"Kingbright Bi-colour LED";"";"";"";"";"";"";"";"";"";"";"";
"U27";"TXS0102";"TXS0102";"DFN8-0.4P";"";"";"";"";"";"";"";"";"";"";"";"";
"U28";"WL1831MOD";"WL1801MOD";"WL1801MOD";"";"";"";"";"";"";"";"";"";"";"";"";
"U29";"TXS0108E";"TXS0108E";"QFN20";"";"";"";"";"";"";"";"";"";"";"";"";
"U30";"TXS0102";"TXS0102";"DFN8-0.4P";"";"";"";"";"";"";"";"";"";"";"";"";
"U31";"";"EVQKMT0";"KMT0";"";"";"";"";"";"";"";"";"";"";"";"";
"U32";"TXS0102";"TXS0102";"DFN8-0.4P";"";"";"";"";"";"";"";"";"";"";"";"";
"U33";"PCA9306";"PCA9306";"DCT-8(SSOP)";"";"";"";"";"";"1.3";"";"";"";"";"";"";
"U34";"AT24C01B-TH_B";"AT24CA";"TSSOP8";"2-wire serial EEPROM";"";"";"";"";"1";"";"";"";"";"";"";
"U35";"TPS65217D";"TPS65217";"QFN40P600X600X100-49";"PMIC for TI Am335x processors";"";"";"";"";"";"";"";"";"";"";"";
"U36";"L3GD20H";"L3G4200D3X3";"LGA16L";"";"";"";"";"";"";"";"";"";"";"";"";
"U37";"LSM303D";"LSM303DLGA";"LGA16-3X3MM";"";"";"";"";"";"";"";"";"";"";"";"";
"VCC1";"DNP";"TP05";"TP0500";"";"";"";"";"";"0";"";"";"";"";"";"";
"WLDB";"DNP";"TP05";"TP0500";"";"";"";"";"";"0";"";"";"";"";"";"";
"WLEN";"DNP";"TP05";"TP0500";"";"";"";"";"";"0";"";"";"";"";"";"";
"WLRX";"DNP";"TP05";"TP0500";"";"";"";"";"";"0";"";"";"";"";"";"";
"WLTX";"DNP";"TP05";"TP0500";"";"";"";"";"";"0";"";"";"";"";"";"";
"X1";"32.768";"X2CM415";"CM415";"";"";"";"";"";"1";"";"";"";"";"";"";
"X2";"12MHz 1.8V";"ASF1";"ASF";"CRYSTAL CLOCK OSCILLATORS";"";"";"";"";"";"";"";"unknown";"unknown";"";"";
"Y1";"24.000MHz";"Y4CRYSTAL-3225";"CRYSTAL-3225";"";"";"";"";"";"0.8";"";"";"";"";"";"";
"Y2";"24.000MHz";"Y4CRYSTAL-3225";"CRYSTAL-3225";"";"";"";"";"";"0.8";"";"";"";"";"";"";
"Y3";"24.000MHz";"Y4CRYSTAL-3225";"CRYSTAL-3225";"";"";"";"";"";"0.8";"";"";"";"";"";"";
"Y4";"32.768kHz";"X21206";"1206";"";"";"";"";"";"0.51";"";"";"";"";"";"";
